[
  {
    "question": "What is organ donation?",
    "answer": "Organ donation is the process of surgically removing an organ or tissue from one person and placing it in another.",
    "keywords": [
      "organ donation",
      "donation",
      "organs"
    ]
  },
  {
    "question": "How can I become an organ donor?",
    "answer": "You can become an organ donor by registering with your country's organ donor registry.",
    "keywords": [
      "become donor",
      "register",
      "organ donor"
    ]
  },
  {
    "question": "What organs can be donated?",
    "answer": "You can donate kidneys, heart, liver, lungs, pancreas, and intestines.",
    "keywords": [
      "organs",
      "donate organs",
      "kidneys",
      "heart"
    ]
  },
  {
    "question": "What is the process of organ donation?",
    "answer": "The process involves medical evaluation, consent from the donor or family, and surgical removal of the organ.",
    "keywords": [
      "process",
      "how organ donation works"
    ]
  },
  {
    "question": "Is there an age limit for donating organs?",
    "answer": "No, there is no strict age limit for organ donation. Individuals of all ages can be considered.",
    "keywords": [
      "age limit",
      "who can donate"
    ]
  },
  {
    "question": "Can living people donate organs?",
    "answer": "Yes, living people can donate certain organs like a kidney or a part of the liver.",
    "keywords": [
      "living donation",
      "live donor"
    ]
  },
  {
    "question": "What happens to the organs after donation?",
    "answer": "After donation, organs are matched with recipients and transplanted to save lives.",
    "keywords": [
      "after donation",
      "organ transplant process"
    ]
  },
  {
    "question": "Can I donate my organs if I have a medical condition?",
    "answer": "It depends on the condition. Each case is evaluated individually.",
    "keywords": [
      "medical condition",
      "health status",
      "donor eligibility"
    ]
  },
  {
    "question": "How are organ donors chosen?",
    "answer": "Organ donors are chosen based on medical compatibility and urgency of need.",
    "keywords": [
      "donor selection",
      "matching donors"
    ]
  },
  {
    "question": "Is there compensation for organ donation?",
    "answer": "In most countries, it is illegal to buy or sell organs. Donation is voluntary and altruistic.",
    "keywords": [
      "compensation",
      "payment for organs"
    ]
  },
  {
    "question": "How do I register as an organ donor?",
    "answer": "You can register as an organ donor through your country's donor registry or during your driver's license application.",
    "keywords": [
      "register donor",
      "how to register"
    ]
  },
  {
    "question": "What is a living will?",
    "answer": "A living will is a legal document that outlines your wishes regarding medical treatment and organ donation.",
    "keywords": [
      "living will",
      "advance directive"
    ]
  },
  {
    "question": "Can family override my decision to donate organs?",
    "answer": "In some cases, family members may be able to override your decision, but it's important to communicate your wishes.",
    "keywords": [
      "family decision",
      "override donor choice"
    ]
  },
  {
    "question": "What are the ethical considerations of organ donation?",
    "answer": "Ethical considerations include informed consent, equitable access, and the potential for exploitation.",
    "keywords": [
      "ethical issues",
      "donation ethics"
    ]
  },
  {
    "question": "What are the risks of organ donation?",
    "answer": "The risks vary based on the type of donation but may include complications from surgery.",
    "keywords": [
      "risks",
      "surgery complications"
    ]
  },
  {
    "question": "How does organ donation help others?",
    "answer": "Organ donation saves lives by providing essential organs to patients in need of transplants.",
    "keywords": [
      "benefits of donation",
      "help others"
    ]
  },
  {
    "question": "Can I donate my organs if I smoke?",
    "answer": "Smoking does not automatically disqualify you from donating, but it may affect organ quality.",
    "keywords": [
      "smoking",
      "donation eligibility"
    ]
  },
  {
    "question": "What happens if I die and am an organ donor?",
    "answer": "If you die and are a registered donor, your organs may be evaluated for donation after medical personnel confirm death.",
    "keywords": [
      "after death",
      "what happens to donors"
    ]
  },
  {
    "question": "Are there any medical tests for organ donors?",
    "answer": "Yes, potential donors undergo extensive medical testing to ensure organ viability.",
    "keywords": [
      "medical tests",
      "donor evaluation"
    ]
  },
  {
    "question": "What should I tell my family about organ donation?",
    "answer": "Discuss your wishes openly with your family to ensure they understand your desire to donate.",
    "keywords": [
      "discuss with family",
      "communicate wishes"
    ]
  },
  {
    "question": "What are the common misconceptions about organ donation?",
    "answer": "Common misconceptions include the belief that donors cannot have an open casket funeral or that donation is not safe.",
    "keywords": [
      "misconceptions",
      "donation myths"
    ]
  },
  {
    "question": "How many lives can one organ donor save?",
    "answer": "One organ donor can save up to eight lives and enhance many others through tissue donation.",
    "keywords": [
      "lives saved",
      "donor impact"
    ]
  },
  {
    "question": "What organs are most in demand for donation?",
    "answer": "The most in-demand organs include kidneys, livers, and hearts.",
    "keywords": [
      "most needed organs",
      "organ demand"
    ]
  },
  {
    "question": "Can I donate organs after a heart attack?",
    "answer": "It depends on the circumstances and medical evaluation post-heart attack.",
    "keywords": [
      "heart attack",
      "donation eligibility"
    ]
  },
  {
    "question": "What is the difference between organ donation and tissue donation?",
    "answer": "Organ donation involves donating vital organs, while tissue donation includes skin, bones, and corneas.",
    "keywords": [
      "organ vs tissue",
      "types of donation"
    ]
  },
  {
    "question": "Can I donate organs if I'm pregnant?",
    "answer": "Pregnant women can be considered for organ donation after delivery, depending on their health.",
    "keywords": [
      "pregnant donor",
      "pregnancy donation"
    ]
  },
  {
    "question": "What support is available for donor families?",
    "answer": "Support includes counseling services, support groups, and resources for coping with loss.",
    "keywords": [
      "support for families",
      "donor family resources"
    ]
  },
  {
    "question": "How can I educate others about organ donation?",
    "answer": "You can educate others by sharing information, discussing it in your community, and promoting registration.",
    "keywords": [
      "educate others",
      "awareness"
    ]
  },
  {
    "question": "What role do transplant coordinators play?",
    "answer": "Transplant coordinators facilitate the donation process, coordinate with hospitals, and support families.",
    "keywords": [
      "transplant coordinators",
      "donation process"
    ]
  },
  {
    "question": "Are there cultural beliefs about organ donation?",
    "answer": "Yes, various cultures have different beliefs and practices regarding organ donation.",
    "keywords": [
      "cultural beliefs",
      "donation culture"
    ]
  },
  {
    "question": "What is the National Organ Transplant Act?",
    "answer": "It is a U.S. law that regulates organ donation and transplantation to ensure fairness and ethics.",
    "keywords": [
      "National Organ Transplant Act",
      "law"
    ]
  },
  {
    "question": "How do organ transplants work?",
    "answer": "Organ transplants involve surgically placing a donated organ into a recipient who needs it.",
    "keywords": [
      "organ transplants",
      "how transplants work"
    ]
  },
  {
    "question": "Can I change my mind about being an organ donor?",
    "answer": "Yes, you can change your mind at any time by updating your registration.",
    "keywords": [
      "change mind",
      "withdraw donation"
    ]
  },
  {
    "question": "What happens if I don’t register as a donor?",
    "answer": "If you don’t register, your organs may still be donated if your family consents after your death.",
    "keywords": [
      "not registered",
      "family consent"
    ]
  },
  {
    "question": "What are the signs of brain death?",
    "answer": "Signs of brain death include the absence of brain activity and the inability to breathe without assistance.",
    "keywords": [
      "brain death",
      "signs of death"
    ]
  },
  {
    "question": "How do I support organ donation campaigns?",
    "answer": "You can support campaigns by volunteering, donating, and spreading awareness.",
    "keywords": [
      "support campaigns",
      "donation advocacy"
    ]
  },
  {
    "question": "What are some success stories of organ donation?",
    "answer": "Success stories include lives saved and improved quality of life for transplant recipients.",
    "keywords": [
      "success stories",
      "positive impact"
    ]
  },
  {
    "question": "Can I donate organs if I am under 18?",
    "answer": "Minors can donate organs with parental consent, depending on the laws in their country.",
    "keywords": [
      "under 18",
      "minor donor"
    ]
  },
  {
    "question": "What are the psychological effects of organ donation on families?",
    "answer": "Families may experience grief, relief, and a sense of purpose through organ donation.",
    "keywords": [
      "psychological effects",
      "family emotions"
    ]
  },
  {
    "question": "How do organ donation rates compare across countries?",
    "answer": "Organ donation rates vary significantly, with some countries having opt-out systems that increase donations.",
    "keywords": [
      "donation rates",
      "international comparison"
    ]
  },
  {
    "question": "Can I donate organs if I have a tattoo or piercing?",
    "answer": "Having a tattoo or piercing does not usually disqualify you from donating organs.",
    "keywords": [
      "tattoos",
      "piercings",
      "donation eligibility"
    ]
  },
  {
    "question": "What can I do if I don’t want to be an organ donor?",
    "answer": "You can choose not to register and communicate your wishes to your family.",
    "keywords": [
      "not donor",
      "opt-out"
    ]
  },
  {
    "question": "How does the waiting list for organ transplants work?",
    "answer": "Patients are placed on a waiting list based on medical urgency, compatibility, and time on the list.",
    "keywords": [
      "waiting list",
      "transplant process"
    ]
  },
  {
    "question": "What resources are available for transplant recipients?",
    "answer": "Resources include support groups, medical information, and financial assistance programs.",
    "keywords": [
      "resources for recipients",
      "support for transplant"
    ]
  },
  {
    "question": "What is the role of the donor family in the organ donation process?",
    "answer": "The donor family plays a crucial role in giving consent for organ donation and supporting the process by understanding the procedures involved.",
    "keywords": [
      "donor family",
      "family role",
      "consent"
    ]
  },
  {
    "question": "What happens during the organ recovery process?",
    "answer": "During the organ recovery process, medical teams surgically remove the organs for transplantation while ensuring the donor's body is treated with respect.",
    "keywords": [
      "organ recovery",
      "surgical process"
    ]
  },
  {
    "question": "How do cultural attitudes impact organ donation rates?",
    "answer": "Cultural attitudes can significantly influence organ donation rates, as beliefs and traditions may affect willingness to donate.",
    "keywords": [
      "cultural attitudes",
      "impact on donation"
    ]
  },
  {
    "question": "What training do transplant surgeons undergo?",
    "answer": "Transplant surgeons undergo extensive training, including medical school, surgical residency, and specialized fellowships in transplant surgery.",
    "keywords": [
      "transplant surgeons",
      "training",
      "medical education"
    ]
  },
  {
    "question": "Are there any special considerations for organ donation for minorities?",
    "answer": "Yes, there are special considerations as minority groups often face disparities in organ donation rates and access to transplants, highlighting the need for targeted outreach.",
    "keywords": [
      "minorities",
      "disparities",
      "outreach"
    ]
  },
  {
    "question": "What advancements are being made in organ preservation?",
    "answer": "Advancements in organ preservation include new techniques and solutions to extend the viability of organs for transplantation.",
    "keywords": [
      "organ preservation",
      "new techniques",
      "viability"
    ]
  },
  {
    "question": "How can technology improve organ donation?",
    "answer": "Technology can improve organ donation through better matching algorithms, improved tracking systems, and increased awareness via social media campaigns.",
    "keywords": [
      "technology",
      "improvements",
      "donation awareness"
    ]
  },
  {
    "question": "What legal protections are in place for organ donors?",
    "answer": "Legal protections for organ donors ensure that their rights are respected, including informed consent and protection against discrimination.",
    "keywords": [
      "legal protections",
      "donor rights"
    ]
  },
  {
    "question": "What is the impact of organ donation on the healthcare system?",
    "answer": "Organ donation significantly impacts the healthcare system by reducing the burden of end-stage organ disease and improving patient outcomes.",
    "keywords": [
      "healthcare system",
      "impact",
      "patient outcomes"
    ]
  },
  {
    "question": "How are pediatric organ donors managed differently?",
    "answer": "Pediatric organ donors are managed with special considerations for their size, developmental stage, and family involvement during the process.",
    "keywords": [
      "pediatric donors",
      "management",
      "family involvement"
    ]
  },
  {
    "question": "What are the emotional benefits of organ donation for families?",
    "answer": "Families may experience emotional benefits from organ donation, such as finding comfort in knowing their loved one's organs can save lives.",
    "keywords": [
      "emotional benefits",
      "family comfort"
    ]
  }
]